kod;il;yer;duygu;renk;tur;aciklama
f1;artvin;karagol;huzur ;mavi;dogal;Cenneti andiran bir guzellige sahip olan Karagol, ozellikle doga tutkusu olan kisiler icin tavsiye edilen bolgelerden birisidir. Gol manzarasini seyredip, ruhunuzu dinlendirebileceginiz muhtesem bir doga keyfi ile tatilin tadini cikarabilirsiniz. Konaklamak isteyen kisiler icin de bircok alternatif sunan bolge, oldukca populerdir. Ferahlatici ve huzur verici dogasi, yapilabilecek cesitli aktiviteler ve kamp severler icin uygun alanlari bulunan Karagol'de keyifli bir tatil sizleri bekliyor. 
f2;artvin;mencuna selalesi ;huzur ;beyaz;dogal;Dogal guzellikleri ile insanlari buyulemeyi basaran Mencuna selalesi konum olarak oldukca etkili bir yerde bulunur. ozellikle dogal yasam konusunda arayista olanlar icin ciddi imkanlar saglayan Mencuna selalesine yakin pek cok pansiyon ve otel bulabilirsiniz. 
f3;artvin;cifte kopru;merak;siyah;kulturel;"Artvin'in Arhavi ilcesinde, Osmanli mimarisi tas isciliginin en guzel orneklerinden ""cifte Kopruler"", asirlara meydan okuyan ihtisamli goruntusuyle ilceyi ziyaret edenlerin ugrak yerleri arasinda yer aliyor. Birbirini tamamlayan ve tam daire ozelligi tasiyan tarihi ""cifte Kopruler"", dogayla kulturun butunlestigi turizm destinasyon noktasi olarak her mevsim turistlerden ilgi goruyor. "
f4;artvin;maral selalesi; huzur;beyaz;dogal;Maral selalesi, Karadeniz Bolgesi’nin Artvin ilinin Borcka ilcesinde yer almaktadir. Goz alici selale, Karcal Daglari’nda Maral Deresi uzerinde goz alici bir sekilde akmaktadir. selale’nin adi ise eski zamanlarda Mindieti olarak adlandirilan Maralkoy’den gelmektedir. Ayrica Turkiye’nin ilk ve tek biyosfer rezerv alani olan Artvin ilinin Borcka ilcesi Camili Havzasi’nda bulunan Maral selalesi, bolgeyi ziyarete gelen yerli ve yabanci turistlerin ilgisini cekmektedir. 
f5;artvin;atatepe ;merak;mavi ;kulturel;Atatepe Ataturkun heykelini bulunduran turistik bir alandir . İnsanlar uzerinde gururlandirici duygular birakan Atatepe Aniti yil icerisinde bircok turist tarafindan ziyaret edilmektedir .  
f6;rize;firtina deresi;huzur ;mavi ;dogal;Adrenalin ve doga tutkunlarinin ilk tercih ettigi yerler arasindadir Firtina Deresi. Ardesen’e yaklasik olarak 2 kilometre uzakliktan sonra Karadeniz’e buyuk bir coskuyla dokulen Firtina Deresi, 57 kilometre uzunlugundadir. Yerli ve yabanci turistlerin ilgi odagi olan ve ozellikle su sporuyla ilgilenenlerin mutlaka rotasina ekledigi bir bolgedir ve raftinge en uygun parkurlara sahiptir. Yil boyunca su sporlari icin uygun olmasi baska bir guzelligidir Firtina Deresi’nin. Yalniz cok yagisli gunlerde tercih edilmemesi gerekir. Bu arada camlihemsin’in yaklasik bir kilometre sonrasinda parkura baslayabilirsiniz ve Firtina Deresi Karadeniz’e dokulmeden once parkuru bitirmeniz gerekiyor.  
f7;rize;gito yaylasi;huzur ;yesil;dogal;Gito Yaylasi, son yillarda gezginler tarafindan kesfedilmis, gormeye gelenlere can alici manzaralar sunan Rize’nin el degmemis muhtesem bir yaylasidir.  Engebeli ve dik yoluna ragmen doga tatili arayanlarin, nefes kesici bulut denizini gormek isteyenlerin, kamp yapmak isteyenlerin ugrak noktasi olma yolunda ilerliyor.  
f8;rize;kibledag camii;merak;siyah;kulturel;"Rize'nin Guneysu ilcesindeki 1130 rakimli ""Dua Tepesi"" olarak isimlendirilmeye baslanan Kible Dagi'nin zirvesine insa edilen ve manzarasiyla ziyaretcilerini hayran birakan Kibledagi  Camii'nin yapimi 2 yilda tamamlandi. Tarihi bir gecmisi de olan Cami, ilk olarak 1800'lu yillarda Mesula Mehmet Efendi ve Kus Ahmed Efendi tarafindan insa ettirildi. Yapi uzun yillar bir dua ve ibadet merkezi olarak kullanildi. Bolgeye gelen insanlarin yaya olarak ulastiklari camide konaklama imkâni da bulunmaktaydi. "
f9;rize;rize kalesi;merak;siyah;kulturel;"Rize Kalesi’ne dogu yonunden is kale kismindan giris yapmak mumkun. Ayni zamanda cay bahcesinde oturabilir ve harika manzaranin tadini en iyi sekilde cikarabilirsiniz. Gunumuzde ulasmis olan kalinti kuleleri ziyaret edebilir; Kuzey bolumundeki surlari ile beraber Bati bolumunde uzanmis olan surlara sahitlik edebilirsiniz. Essiz bir dogal gorunumu olmasinin yani sira, yapi butun olarak hala etkin sekilde kendisini gosterebiliyor. "
f10;rize ;kackar daglari milli parki;merak;yesil;dogal;Kackar Daglarinda, yazin doga yuruyusune elverisli olup alanda mevcut 8 adet Yuruyus Parkurunda yuruyus aktiviteleri yapilmaktadir. Kackar Daglari yaz mevsiminde de kampcilik, dagcilik, trekking, piknik, rekreasyon faaliyetlerine aciktir.  
f11;bayburt;baksi muzesi ;merak;siyah;kulturel;ozel muze niteligi tasiyan Baksi Muzesi'nde, nitelikli bir cagdas sanat koleksiyonu ile genis bir halk resimleri koleksiyonu ve yerel el sanatlarini yansitan ozgun ornekler bir arada yer almaktadir. Muze, sanatcilar ve arastirmacilar icin geleneksel sanatlarla cagdas sanati bulusturan ozgun bir kulturel etkilesim merkezi yaratmayi, yogun goc nedeniyle parcalanmis bir kulturel ortama yeniden hayat verebilmeyi ve kulturel bellegin surdurulebilirligine katkida bulunmayi amaclamaktadir. Baksi Muzesi, Dogu Karadeniz'de, Bayburt'un 45 kilometre disinda, coruh Vadisi'ne bakan bir tepenin uzerinde kuruludur. Eski ismiyle Baksi, bugunku adiyla Bayraktar Koyu'nde yukselen bu siradisi muze cagdas sanat ve geleneksel el sanatlarina ayni cati altinda yan yana, icice yer vermektedir. 
f12;bayburt;aydintepe yeralti sehri;merak;siyah;dogal;İlce merkezindeki evlerin, is yerlerinin, cadde ve sokaklarin altindaki Aydintepe Yeralti sehri, yuzeyden 2-2,5 metre derinde, hicbir yapi malzemesi kullanilmadan, ana kayaya oyulmus galeriler, odalar ve bu odalarin acildigi daha genis mekanlardan olusuyor. Kentin onemli kulturel ve tarihi degeri olarak dikkati ceken ve her yil 30-35 bin civarinda ziyaretci agirlayan yer alti insanlar tarafindan cokca ilgi toplamaktadir .  
f13;bayburt;bayburt kalesi;merak;siyah;kulturel;Zigana ve Kop Daglari'ndan asilarak ulasilan Bayburt Kalesi ayni zamanda Karadeniz’i Basra Korfezi'ne baglayan ticaret yolu uzerinde bulunmaktadir. Bu yolu izleyen her seyyahin ugradigi kalenin adi, onem, ihtisami ve gunluk yasamiyla ilgili pek cok bilgi mevcuttur. 
f14;bayburt;kop dagi mudafasi tarihi milli parki;merak;siyah;kulturel;Kop Dagi Mudafaasi Tarihî Millî Parki, Turkiye'nin Bayburt il sinirlari icerisinde yer alan tarihi bir parktir . Park insanlar tarafindan sikca ziyaret edilen turistik bir alandir .  
f15;bayburt;coruh nehri;huzur ;mavi ;dogal;İnsanlarin ilgisini toplayan coruh Nehri dogalligiyla ve guzelligiyle bilinmektedir . Nehir insanlar tarafindan cokca ragbet gormektedir .   
f16;trabzon;ataturk kosku ;merak;siyah;kulturel;Tarihi bir yer olan Ataturk Kosku insanlar tarafindan cokca ziyaret edilen , turistik bir yerdir . 
f17;trabzon;sumele manastiri;merak;siyah;kulturel;"Altindere Vadisi Milli Parki icerisinde yer alan, Sumela Manastiri; arkeolojik ve tarihi acidan ciddi bir yere sahiptir."
f18;trabzon;boztepe trabzon;huzur ;yesil;dogal;Trabzon'a gezmek icin gelenlerin ilk ve son ziyaret ettigi yer olan Boztepe , isletmeleri , manzarasi ve havasiyla Trabzon'a gelenlerin aklini ve gonlunu fetih etmeyi biliyor . 
f19;trabzon;altindere vadisi milli parki ;huzur ;yesil;kulturel;Altindere Vadisi Milli Parki, insanin tum hucrelerini yenilercesine hissettiren bol oksijenli havasi, civil civil kus sesleri ve goz kamastiran guzellikteki bakir yemyesil dogasiyla Trabzon‘un Macka ilcesi sinirlarinda bulunan enfes bir doga harikasi.
f20;trabzon;ayasofya muzesi;merak;siyah;kulturel;Mimarisi, ihtisami, buyuklugu ve islevselligi yonunden ilk ve son unik uygulama olarak gorulen Ayasofya, Osmanli camilerine fikir bazinda da olsa esin kaynagi olmus, dogu-bati sentezinin bir urunudur. Bu eser dunya mimarlik tarihinin gunumuze kadar ayakta kalmis en onemli anitlari arasinda yer almaktadir. Bu nedenle, Ayasofya, tarihi gecmisinin yani sira, mimarisi, mozaikleri ve Turk cagi yapilari ile yuzyillar boyunca tum insanligin ilgisini cekmistir.
f21;gumushane ;tomara selalesi tabiat parki;huzur ;beyaz;dogal;Tomara selalesi insanlara huzur veren dogal bir guzelliktir . Gezginlere konaklama imkani da sunan Tomara selalesi turistler tarafindan sikca ziyaret edilmektedir. 
f22;gumushane ;artabel golleri tabiat parki;huzur;yesil;dogal;"Artabel Golleri Tabiat Parki, bunyesinde barindirdigi 20’nin uzerindeki buzul golu, endemik bitki ve canlilari, yabani hayvan cesitliligi, zengin flora ve faunasi ve essiz manzarasi ile Turkiye’nin dort bir yanindan misafirin ilgisini cekmeye devam ediyor.
sehrin en yuksek noktasi olan 3 bin 331 metre rakimli Abdalmusa zirvesi ve cok sayida zirveyi bunyesinde barindiran Artabel Golleri Tabiat Parki, alcak kesimlerden yuksek kesimlere dogru acan bircok cicegin hem goruntusu hem de kokusuyla bolgeye gidenlere huzur veriyor."
f23;gumushane ;karaca magarasi;merak;siyah;dogal;Daha ilk andan itibaren ziyaretcilerinin buyuleyen magarada, ic ice gecen isigin uyumu ve golgenin ortaya cikardigi essiz sekiller, sizi gercek dunyadan alir ve bir hayal alemine tasir. 
f24;gumushane ;limni goolu tabiat parki;huzur ;yesil;dogal;Dogayla ic ice olmanin zevkini cikarabileceginiz ayni zamanda konaklayabileceginiz limni golu insanlar tarafindan cokca ilgi gormektedir .
f25;gumushane ;ikizevler kent muzesi ;merak;siyah;kulturel;İkizevler Kent Muzesi Gumushane'nin en turistik noktalarindan biridir . İnsanlar tarfindan cokca ragbet goren bu muzede tarihten parcalar yer almaktadir . 
f26;giresun;kuzalan selalesi;huzur ;beyaz;dogal;"Giresun’un Dereli İlcesine 19 kilometre uzaklikta, Kuzalan Tabiat Parki'nin degerlerinden biri olan selalenin yuksekligi yaklasik 20 metredir. Karsisina seyir terasi kurulmus olan selale; goruntusu, sesi ve cevresiyle olusturdugu harikulade manzarasi ile yogun ilgi gormektedir."
f27;giresun;kulakkaya yaylasi;huzur;yesil;dogal;Giresun’a yaklasik 45 kilometre uzaklikta, Dereli ilcesi Yavuzkemal Beldesi'ne bagli bulunan Kulakkaya Yaylasi, ilginc dogal dogal guzelliklere sahip olup, Giresun’un en eski ve en cok bilinen ve gidilen yaylasidir. Kulakkaya Yaylasi, 1991 yilinda turizm merkezi ilan edilmistir. Tarihi ipek yolu guzergâhlarinin birisi uzerinde kurulmus olan yayla, sadece Giresun’da degil Dogu Karadeniz’deki en eski otantik yerlesim sahalarindandir. 
f28;giresun;giresun kalesi;merak;siyah;kulturel;Kale birinci derece dogal ve arkeolojik sit alani olan ve Giresun’u ikiye bolen yarim adanin en yuksek yerinde, sehre hakim volkanik kayalik uzerinde yer almaktadir. Giresun Kalesi insanlarin cokca ziyaret ettigi turistik bir alandir . 
f29;giresun;mavi gol;huzur;mavi ;dogal;Giresun’un Dereli ilcesi sinirlari icerisinde ve ilce merkezine 20 kilometre uzaklikta, Kuzalan Tabiat Parki’nin essiz degerlerinden biri olan Mavi Gol, uc golun birlesiminden meydana gelmekte ve yore halki tarafindan ‘’Sodali Gol veya Gog Gol’’ olarak bilinmektedir.
f30;giresun;sis dagi;huzur;beyaz;dogal;2011 yilinda Turizm Merkezi ilan edilmistir. Pek cok acidan muhtesem bir dogal guzellik saglayan sari ve mor cicekleri ile one cikan Sis Dagi Yaylasi, Temmuz aylarinda farkli senliklere ev sahipligi yapmaktadir.
f31;ordu;boztepe ordu;huzur;yesil;dogal;"Ordu'nun Altinordu ilcesinde denizden yaklasik 500 metre yukseklikteki Boztepe, Karadeniz'in gozde mekanlari arasinda yer aliyor. Her yil binlerce yerli ve yabanci turist agirlayan kentin seyir terasi Boztepe, teleferik ulasimi sayesinde turistlerden ilgi goruyor. Teleferikle mavi ile yesilin bulustugu essiz manzara esliginde yolculuk yapan ziyaretciler, Boztepe'de kenti ve Karadeniz'i kus bakisi gormenin tadini cikariyor. Burada yoresel urunlerin satis noktalarinda alisveris yapma imkani bulan turistler, Macera Park'ta da eglenceli vakit geciriyor. 

 "
f32;ordu;cambasi kayak merkezi;mutluluk;beyaz;kulturel;Kabaduz ilce sinirlari icerisinde 2010 yilinda cambasi Kayak Merkezi yapim calismalari baslatilmistir. İdare ile hizmet binasi, kafeterya ve Sosyal tesisler 2017 yilinda hizmete girmistir. 
f33;ordu;ulugol tabiat parki;huzur;yesil;dogal;"Golkoy ilce merkezine 17 km mesafede bulunan krater goludur. 26.5 hektar buyuklugundeki alan,Tabiat Parki’dir.Dogal yapisi itibariyle yuksek peyzaj degerine sahiptir ozellikle guz mevsiminde yapraklarin sararmasiyla olusan renk armonisi gorenleri buyulemektedir.Alan icerisinde uc adet heyelan set golu bulunmakta; gollerden birisi buyuk digerikisi ise sazlikla kapli kucuk yapida gollerdir. Buyuk golde Abant Alasi turu balik yasamaktadir. "
f34;ordu;yason kilisesi;merak;beyaz;tarihi;Yason Kilisesi, Ordu’nun Persembe ilcesinin 22 km batisinda, Yason Burnu uzerinde yer aliyor. Burun uzerinde yer alan kalintilar, gecmiste burada buyuk bir kasabanin varligini gosteriyor. Yason Feneri’ne de ev sahipligi yapan bu burunda rastlanan kilise yikintisi, kasabanin en buyuk dini ayin yerlerinden biridir. Akin, yagma ve yakip yikmalar sonucu yok olan bu kilisenin uzerine, Rumlar tarafindan yeniden bir kilise insa edilmis. İste bahsi gecen Yason Kilisesi de bu kilisenin kendisi oluyor. Kilisenin kapisinda yazan 1866 tarihi de Yason Kilisesi’nin onarim tarihini belirtiyor. Yason Kilisesi, bugun cam Burnu olarak anilan yerde Zeus’a adanan bir tapinagin yerine insa edilmis. Duvarlarinda cesitli renklerde kesme taslar kullanilan Yason Kilisesi’nin govdesindeki bu taslar, kendisinden once yapilan kilisenin taslaridir. Bazi taslarin uzerinde cesitli yazilar yer alimaktadir. Yason Kilisesi, muhtesem gunbatimi manzarasi ve tarihi dokusu ile gorulmeye deger yapilardan biridir. 
f35;ordu;persembe yaylasi;huzur ;yesil;dogal;Ordu'nun Aybasti ilcesine 17 kilometre uzaklikta bulunan bin 500 rakimli Persembe Yaylasi, yaz mevsiminde yesile burunen dogasi ve birbirinden ilginc menderesleri bulunan bir yayladir. İlkbaharin gelmesiyle karlarin erimeye basladigi yaylada, yaz mevsimi dogayi adeta yeniden canlandiriyor. cimlerle kapli yaylada yer alan mendereslerin bulundugu alanlarda otlayan hayvanlar, buyuk ilgi cekmemektedir. 
f36;tokat;ballica magarasi;merak;beyaz;dogal;Ballica Magarasi'ndaki olusumlari izlemek, dogal bir muzeyi gezmek gibi. Yasi yaklasik 3.4 milyon yil olarak tespit edilen Ballica Magarasi, simdiye kadar tespit edilen tum magara olusumlarina sahip olmanin yani sira, ozgun Sogan Sarkitlari ile de uluslararasi onem tasiyor. Magaranin ziyarete acilan bolumlerinde dolasmak, her adimda hayrete dusuren, heyecan veren gizemli bir yolculuga cikmak gibidir.   
f37;tokat;tokat muzesi;merak;siyah;kulturel;"Tokat Muzesi; Tokat'ta kurulu, 2007 yili itibariyla 36253 eser sergilenen bir muzedir. Sulusokak'ta, Takyeciler Camii'nin yaninda bulunur. Muze calismalarina 1926 yilinda baslanmis, 1982 yilinda halka acilmis, 2005 yilinda da teshir duzenlemesi yapilmistir. "
f38;tokat;tas han;huzur ;beyaz;tarihi;"Anadolu'nun en buyuk sehir hanlarindandir. Kuzey-guney konumunda, kesme tas ve tugladan dikdortgen planli, acik avlulu, iki katli bir yapidir. Gunumuzde 112 odali yapinin avlusu cay bahcesi, odalari el sanatlari dukkanlari ve atolyeleri olarak kullanilir. 1600’lu yillarin ortalarindan itibaren Tokat voyvodalik olmustur. Voyvodalar tarafindan sehre kazandirilan eserlerden biri olmasi sebebiyle Tas Han ""Voyvoda Han"" olarak da isimlendirilir. Hanin avlusunda uzerindeki figur ve motiflerle islenmis bir cesme bulunur. cesmenin 19. yuzyilda veya daha gec insa edilmis oldugu dusunulur."
f39;tokat;almus baraj golu;merak;mavi ;dogal;"Tokat’ta bulunan Almus Baraj Golu, doganin en guzel hallerinden yararlanabileceginiz, piknik ve su sporlari yapabileceginiz sehrin en etkileyici noktalarindan biri. Almus Baraj Golu, ozellikle bahar ve yaz aylarinda cevre ilcelerden gelen halkin gun boyu piknik yaptigi onemli bir mesire yeridir. Golun bulundugu bolge hem fauna hem de flora bakimindan zengin. Tilki, ceylan, guvercin, sansar, dag kecisi, ayi, domuz, bildircin, karatavuk ve uveyiklere ev sahipligi yapmakla birlikte; icerisinde bol yesil bir alan olusturan kayin, cam, mese, ihlamur ve sedir agaclari bulunmaktadir. Yesilirmak uzerine kurulan ve 4000 hektarlik bir alani kapsayan Almus Baraj Golu’nde kamp alanlari da mevcuttur. "
f40;tokat;tokat mevlihanesi;mutluluk;beyaz;tarihi;Muslu aga Vakfina aittir. İlk olarak M. 1638 tarihinde I. Ahmet’in vezirlerinden Sulun Muslu Aga tarafindan yaptirilmistir. Sultan Abdulmecit doneminde yenilenmis ve iki katli olarak duzenlenmis olan, Ahsap Mevlevihane XIX. Yuzyil Barok sanatinin Anadolu’daki en guzel orneklerinden biridir. Binanin en gorkemli cephesi, ahsap barok motiflerle bezenmis sutun dizisine sahip ve butun cephe boyunca uzanan balkonu sebebiyle Bey sokagina bakan cephesidir. Diger cephelerde ise sade bir ihtisam gozlenmektedir. 
f41;amasya;boraboy golu tabiat parki;huzur ;yesil;dogal;2013 yilinda tescil edilen Boraboy Golu Tabiat Parki, Amasya ilinin Tasova ilcesinde yer almaktadir. Tabiat Parki, Amasya il merkezine 62 km uzaklikta olup alana ulasim asfalt yol ile saglanmaktadir. Tasova ilce merkezine uzakligi ise 22 km’dir. Amasya Merzifon Havaalani’ndan Tabiat Parkina olan mesafe 91 km’dir. Alan, ziyaretcilerin piknik, doga yuruyusu, gol-deniz bisikleti, fotograf cekimi, bitki ve yaban hayati gozlemi gibi faaliyetleri yapmasina elverislidir. 
f42;amasya;amasya kalesi;merak;beyaz;tarihi;"Kentin kuzeyindeki Harsena Dagi uzerine kurulmus olan kalenin nasil bir sarpligi icerdigini akilda canlandirmayi kolaylastirmak icin bir dagin adini anmak kacinilmazdir; corum kent merkezinden yukselen cakir Dagi gelir tam Amasya Kalesi’ne dayanir. Bu dagin en yuksek noktasi 1.375 m ile Yeldegirmeni Tepesi’dir. Kale, uzerine kuruldugu Harsena Dagi’nin adiyla da bilinir. Arap tarihcilere gore “Turk hukumdari Karsan Han”, batili tarihcilere goreyse “Pontus krali Mithridates tarafindan” yaptirilmistir. 1075 yilindan sonra Danismend Ahmet Gazi, 1146 yilinda I. Mesud, 1222 yilinda I. Alâeddin Keykubad, 1319’da Gumusluzade Tacettin Mahmud celebi, 1369’da sadgeldi Pasa tarafindan onarilmis ve kullanilmistir. "
f43;amasya;2. beyazid camiisi ve kulliyesi;merak;beyaz;tarihi;"1485-1486 yillari arasinda Osmanli Sultani II. Bâyezid’in talimatiyla Amasya Sancak Beyi sehzade Ahmed tarafindan yaptirilmistir. Kulliye ilk insa edildiginde; imaret olarak bilinen yapi, mut’ime-hâne (yemekhane), matbah (mutfak), kiler, firin ve ahir olmak uzere bes ayri birimden olusmakta iken; gunumuzede cami, medrese ve imaret kisimlari ulasmistir. Ayrica 19.yy da insa edilen muvakkithane ile sadirvan bulunmaktadir. sehzade Ahmet’in kucuk yasta olen oglu sehzade Osman’a ait turbe yapiya sonradan eklenmistir. Ayrica 19.yy da insa edilen muvakkithane ile sadirvan bulunmaktadir. 

 "
f44;amasya;amasya arkeoloji muzesi;merak;beyaz;kulturel;1925 yilinda II. Beyazit Kulliyesi'nin bir bolumu olan medrese binasinin iki odasinda toplanan az sayida arkeolojik eserler ile İslami donem mumyalari bir araya getirilerek once bir Muze Deposu olusturulmustur. 1962 yilinda Gokmedrese Camii’ne tasinmistir ve 1958 yilina kadar fahri memurlukla idare edilmistir. Haziran 1958'de ise muze mudurlugune donusturulmustur. 22 Mart 1977 tarihinde bugunku modern binasina tasinmis, 14 Haziran 1980 yilinda yeniden duzenlenerek bugunku gorumune kavusmustur. 
f45;amasya;kral kaya mezarligi;merak;siyah;tarihi;" UNESCO Dunya Miras Merkezince yapilan degerlendirme sonucunda Amasya, Harsena Dagi ve Pontus Kral Kaya Mezarlari UNESCO Dunya Miras Gecici Listesine kaydedildi. Amasya, Kiyi Karadeniz ile Anadolu’nun diger bolgelerini baglayan, prehistorik caglardan beri kullanilan yollarin kavsak noktasinda yer alir ve Yesilirmak Nehri’nin olusturdugu derin bir vadi icerisinde kurulmustur. Nehrin ikiye ayirdigi vadinin kuzeyinde 272 m yuksekliginde Harsena Dagi bulunur. Harsena Dagi’nin, Yesilirmak ve vadisi ile birlikte olusturdugu butunlesik kompozisyon, unik bir peyzaj ve buyuleyici bir manzara olusturur. Harsena Dagi’nin guney yamacinda ilk yerlesim Erken Tunc cagi’nda baslamis ve Osmanli Devleti’nin sonuna kadar da onlarca uygarlik (Frigya, İskit-Med, Pers, Pontus, Roma, Dogu Roma, Danismendli, İlhanli, Selcuklu, Osmanli) tarafindan iskân edilmistir. Alanda; Amasya Kalesi’nin yani sira, Helenistik Donem surlari, anitsal kaya mezarlari, M.o. 1. yuzyila tarihlenen anitsal sarniclar ve Yaliboyu Evleri bulunmaktadir. 

 "
f46;samsun;sahinkaya kanyonu;huzur;yesil;dogal;"Kizilirmak uzerindeki en dar, en uzun gecit burasi. Dag olusumu (Orojenez) ve akarsu asindirmasi sonucu meydana gelen sahinkaya Kanyonu 2,5 km uzunlugundadir. 
Vezirkopru İlcesi’nde Altinkaya Baraj Golu’nde bulunan sahinkaya Kanyonu, kente gelen yerli ve yabanci turistlerin ilgi odagi oldu. 3 bin 250 metre uzunluktaki kanyonda su derinliginin ortalama 106 metre oldugu kanyon yuksekliginin ise 340 metreye kadar ciktigi belirtildi. 

 "
f47;samsun;bandirma vapur muzesi;merak;mavi;kulturel;Gemi 1878 yilinda İskocya'nin Glasgow kentinde Mac. Intyre Paisley - Huston and Cardett tersanesinde 21 sira numarasi ile 279 grostonluk yolcu ve yuk vapuru olarak insa edilmistir.Geminin ilk sahibi Dussey and Robinson sirketi gemiyi Trocadero adi altinda 5 yil calistirdi. 1883 yilinda Yunanistan'daki H. Psicha Preus Firmasina satildi. Kymi adini alarak, geminin Londra'da olan kaydi Pire Limanina alinmistir. 1890 yilinda H. Psicha Preus firmasi gemiyi baska bir Yunan firmasi olan Cap. Andereadis firmasina satmis, 12 Aralik 1891 tarihinde kaza sonucu batmis, ayni yil icerisinde yuzdurulup Kymi adi ile İstanbul Rama Derasimo firmasina satilarak İstanbul Limanina kayit edilmistir. Bandirma Vapuru'nun, Turkiye Cumhuriyeti tarihinde onemli yeri vardir. Mustafa Kemal Pasa 9. Ordu Genel Mufettisi vazifesiyle ve mahiyeti ile birlikte İstanbul'dan Samsun'a Bandirma Vapuru ile gitmistir. Mustafa Kemal Pasa, VI. Mehmed'in buyruguyla Osmanli Ordusu'nun dagitilmasi surecini denetleme ve asayis icin gorevlendirilmisti. Bunun uzerine 18 silah arkadasiyla birlikte Samsun yoluna koyulmustur. 
f48;samsun;onur aniti;mutluluk;beyaz;tarihi;Onur Aniti , Samsun'un İlkadim ilcesindeki Ataturk Parki'nda yer alan ve sehrin simgesi hâline gelen anittir. Mustafa Kemal'in Samsun'a ciktigi noktaya dikilen anit Kurtulus Savasi'nin baslangici sayilan bu ani simgelemektedir. Anitin heykeli Samsun Valisi Kâzim Pasa tarafindan Samsun halki adina Avusturyali heykeltiras Heinrich Krippel'e 1927 yilinda siparis edilmis, ayni yil 19 Mayis gunu kaidenin resmî temel atma toreni yapilmistir. 1928 yilinda Viyana'da baslayan heykelin yapim sureci 1931 yilinda sonlanmis ve heykel kaidesine 29 Ekim 1931 tarihinde dikilmistir. 15 Ocak 1932 tarihinde anitin resmî acilisi yapilarak cumhuriyet tarihinin on ucuncu aniti, Heinrich Krippel'in ise Turkiye'deki dorduncu anit calismasi olmustur. 
f49;samsun;amazon heykeli;merak;siyah;tarihi;Mo 3 bin ila 2 bin yillari arasinda, kentler-devletler kurup anaerkil bir sekilde hayatlarini surduren Amazonlar bir donem Terme'de de yasamislardir. Onlarin anisina İlkadim Batipark icerisinde bir Amazon Koyu olusturulmus ve bu yurekli, mert, savasci kadinlarin gunluk yasamini yansitan balmumu heykelleri yerlestirilerek ziyaret acilmistir. 
f50;samsun;gogceli camii;merak;siyah;tarihi;1206 yilinda Anadolu Selcuklu Sultani I. Giyaseddin Keyhusrev doneminde insa edilen yapi tamamen ahsap malzemeden yigma teknigi ile insa edilmistir. Kapladigi 392m2'lik alanla Turkiye'deki en buyuk yigma ahsap camilerden biri olan yapi ayni zamanda Turkiye'deki en eski ahsap camidir. 
f51;sinop;hamsilos koyu;huzur ;yesil;dogal;Turkiye’nin en kuzeyinde bulunan Sinop, Hamsilos Koyu ile Karadeniz’in en cezbedici manzaralarindan birini sunumaktadir. Hamsilos Koyu, halk tarafindan Turkiye’nin tek fiyordu olarak adlandirilsa da, esasinda bilimsel olarak bakildiginda buzul asindirmasi sonucu olusmustur. Harika havasi, unutulmaz bir dogal guzellige sahip Hamsilos Koyu’nun. ozellikle gun batiminda mutlaka Hamsilos’ta olmalisiniz. Gun battigi sirada bu doga harikasi bambaska bir manzaraya burunur. Koyun asil adi Hamsolos olsa da halk tarafindan Hamsilos olarak anilir. Sinop’a yaklasik 11 kilometre uzakliktadir ve Akliman yolundan ulasilmaktadir.  
f52;sinop;erfelek tatlica selaleleri tabiat parki;huzur ;beyaz;dogal;Tatlica selaleleri, Erfelek selaleleri veya Tatlica takim selaleleri, Sinop'un Erfelek ilcesine bagli Tatlica koyu yakinlarindaki sira selalelerdir. Tatlica irili ufakli 28 ayri selale barindirmaktadir.Erfelek'e yaklasik 10, Sinop'a ise 45 km uzakliktadir. selaleler aslen Ayancik ilcesine baglidir ama Erfelek'e daha yakindir. selaleler Karasu cayi uzerindedir. Burada tirmanma ve trekking yapilabilir. selale kenarindaki oyuklar ve tas sekiller basamak olarak kullanilip yukari tirmanilir. 28 selaleden, ilk selaleye tirmanilamaz. Bu selaleyi donus yolundan gecmek gerekir. Bazi selalelerden yukari, donus yoluna cikis vardir. Bu donus yolu ise sadece dogada yurumek icin de kullanilabilir.  
f53;sinop;inceburun feneri;huzur ;mavi ;dogal;Karadeniz Bolgesinde, Sinop il merkezinin yaklasik 20 km kuzeybatisinda bulunan burun uzerinde olup Turkiye'nin en kuzeyindeki deniz feneridir.1863 yilinda yapilmistir. Gorunus mesafesi 18 mildir.Yerden 9 metre, denizden 26 metre yuksekliktedir. 
f54;sinop;sinop hapisanesi;merak;siyah;tarihi;uc yani deniz olan ve tarihî Sinop Kalesi duvarlarinin icerisinde yer alan cezaevine ev sahipligi yapan kale, yaklasik 4000 yil once Gaskalilar tarafindan yapilmistir. Yunanlar, Pontus, Roma, Bizans, Selcuklu ve Osmanlilar kendi donemlerinde kaleyi korumus ve guclendirmislerdir. Kalenin cezaevi olarak kullanimina ait en eski belgeler ise 1568 yilina dayanmaktadir.İc kalenin resmi olarak zindana donusmesi ise 1887 yilinda olmustur.
f55;sinop;sinop arkeoloji muzesi;merak;beyaz;kulturel;Turkiye'deki ilk muzecilik faaliyetlerinden biri 1921'de Sinop'ta basladi. sehrin farkli yerlerinde bulunan tarihi ve kulturel oneme sahip eserler ve diger nesneler baslangicta bir lisede (Mekteb-i İdadi) korundu. 1932'de esyalar, Sinop Muzesi'nin cekirdegini olusturduklari eski bir din okulu olan Pervane Medrese'ye nakledildiler. Bina, muze olarak kurulmus ve 1941 yilinda halka acilmistir. 
f56;corum;alacahoyuk muzesi;merak;beyaz;kulturel;Yapilan arkeolojik kazi ve arastirmalar neticesinde, Alaca Hoyuk sakinleri yangindan sonra yerlesmeyi terk etmemis oldugu cikan arkeolojik verilerden degerlendirilmektedir. olulerini ayni mezarlikta D, H, B ve R mezarlarina, hoker durumda gomuldugu tespit edilmistir. Yerlesimin mezar bicimleri en eski tarihli ile en yeni tarihli arasinda degisiklik bulunmamaktadir.[1] Yangin oncesine ve sonrasina ait mezar buluntulari da farkli bir kultur sureci yansitmamaktadir. Bu bilgilere gore yanginin, ne kadar siddetli ve kapsamli olursa olsun, Eski Tunc cagi’ni sonlandirmis olamayacagi sonucuna ulasilmistir. Diger bir anlatimla, Eski Tunc cagi, 5. kat yanginindan sonra da bir sure devam etmis ve Gecis Donemi’nin ardindan Koloni cagi’na kesintisiz gecilmistir. Bu surecte ortaya cikan degisiklikler akademisyen arkeolog Tahsin ozguc’un belirttigi gibi, guneyden gelen kulturel etkilerin ortaya cikardigi yerel bir gelisim olarak degerlendirilmelidir. 
f57;corum;corum muzesi;merak;beyaz;kulturel;" corum Muzesi, corum il merkezinde bulunmaktadir. Alacahoyuk, Bogazkoy, Hattusas, Pazarli ve Kussaray gibi arkeolojik kazi merkezlerinden cikarilan buluntularin sergilendigi bir muzedir. corum Muzesi ilk olarak 13 Ekim 1968 tarihinde gunumuzde kullanilmayan ilk binasinda hizmete girmistir. 1968 yilindan itibaren 33 yil hizmet veren muze binasi, arkeolojik kazilardan elde edilen eserlerin yogunlugu nedeniyle ihtiyaca cevap veremez duruma gelmistir. Bunun uzerine, yapimi 1908 yilinda baslayip 1914 yilinda tamamlanan ve yapildigi gunden itibaren hastane, ziraat mektebi, makine meslek yuksek okulu olarak hizmet veren bina, corum Muzesi'nin yeni binasi olarak kullanilmak uzere 1986 yilinda tahsis edilmistir. 1988 yilinda yangin geciren bina, 1989 yilinda muze olarak kullanilmak uzere restore edilmeye baslanmistir. Restorasyon calismalarinin tamamlanmasi ile 11.03.2003 tarihinde tarihi binada corum Muzesi ziyarete acilmistir. 

 "
f58;corum;aslanli kapi;merak;siyah;tarihi;Aslan Kapisi ya da Aslanli Kapi antik Miken sehrinin ana kapisidir. Surlarla cevirili olan kalenin kuzeybati yonunde bulunur. Aslan Kapisi'nin Mo 13. yuzyilda yapildigi dusunulmektedir. Bununla birlikte kapiya adini veren aslan figurleri Yunan anakarasinda bulunan ilk abidevi heykellerdir. 
f59;corum;incesu kanyonu ;huzur ;yesil;dogal;" İncesu Kanyonu, Ortakoy İlcesi İncesu Koyu'ndedir. ozellikle tek giris ve cikisi bulunan İncesu Kanyonu,12.5 kilometre uzunlugundadir. Genisligi 40-60 metre arasinda degismektedir. Kanyonun her iki yamaci sarp kayalik olup, yer yer ormanlik alanlara rastlamak mumkundur. Kanyon rafting ve trekking sporlari icin uygun ozellikler tasimaktadir. Trekking yapilabilecek parkur guzergahi; Yozgat İli Aydincik İlcesi Kazankaya Beldesi'nden baslamakta, corum-Ortakoy-İncesu Koyu'nde bitirilmektedir. "
f60;kastamonu;ilica selasesi;huzur ;yesil;dogal;Kastamonu Pinarbasi’na 12 kilometre uzaklikta Ilica Koyu sinirlarinda olan Ilica selalesi. 15 metre yukseklikten dokulmektedir. Ilica selalesi, suyun dokuldugu yerde olusan dogal havuz ve cevresi cesitli bitki ortusu ile kaplanmis egzotik bir gorunume sahiptir. 
f61;kastamonu;kastamonu muzesi;merak;beyaz;kulturel;"1910 yilinda İttihat ve Terakki Kulubunun Kastamonu subesi olarak insa edilmistir. Tamamen kesme tastan yapilan binanin plani Mimar Kemallettin Bey tarafindan cizilmistir. 

1940’li yillarda itibaren Kastamonu, ve cevre vilayetlerinden toplanarak getirilen arkeolojik eserlerin toplandigi bir depo olarak kullanilan bu bina 1952 yilindan itibaren Muze olarak faaliyet gostermektedir. "
f62;kastamonu;valla kanyonu seyir terasi;huzur;yesil;dogal;Valla Kanyonu ulkemizde Kastamonu iline bagli olan Pinarbasi ilcesi, Muratbasi koyunde yer almaktadir. Valla Kanyonu Pinarbasi ilcesine yaklasik 21 kilometre mesafede yer almaktadir. Muratbasi koyu yakinindan baslayip Devrekani cayi ile Kanlicay'in bulustugu yerden baslamaktadir. Cide taraflarinda da sonlanmaktadir. 
f63;kastamonu;hz. pir seyh saban-i veli kulliyesi;merak;beyaz;kulturel;seyh sabani Veli Hazretleri, Kastamonu'nun Taskopru İlcesi'nin Gokceagac Bucagi'na bagli cakircayi Koyu'nun Cimdar Mahallesi'nde 1497 yilinda dunyaya geldi. Sefine-i Evliya isimli eserde ise dogum tarihi 1499 olarak gecmektedir. sabani Veli henuz dunyaya gelmeden babasini, uc yaslarinda ise annesini kaybetmistir. sabani Veli’yi hayirsever bir hanim himayesine almis ve tahsilini tamamlamasina yardim etmistir. sabani Veli tahsilinin bir bolumunu Taskopru'de yapmistir. Kuran, hadis, tefsir ilimlerinde bilgilerini derinlestirmek icin Kastamonu'ya gelmis, burada once Hisarardi Semti'ndeki Cemalettin Mescidi avlusunda daha sonra Seyid Sunneti Mescidi'nde ilim tahsiline devam etmistir. Daha sonra İstanbul'a giderek tahsilini İstanbul Fatih Medreseleri'nde tamamlamistir. ogrenim yillarinda guzel ahlâki, agirbasliligi ve caliskanligi ile hocalarinin teveccuhune mazhar olmustur. 
f64;kastamonu;nasrullah camii;huzur ;siyah;kulturel;"Nasrullah Camii, Kastamonu'da Kadı Nasrullah tarafından 1506 yılında inşa edilmiş dini yapıdır.Osmanlı İmparatorluğu'nun Kastamonu'da inşa ettiği ilk anıtsal eserlerden biri olan Nasrullah Camii, Kastamonu'nun en önemli sembollerinden biridir. Kent merkezinde yer alan cami; meydanı, şadırvanı, köprüsü ve sonradan eklenen medresesi ile bir külliyedir. II. Bayezid döneminde 1506 yılında Nasrullah Kadı tarafından köprü ve şadırvan içindeki su havuzları ile birlikte yaptırılan cami, Kastamonu'nun Osmanlı döneminden kalma en büyük camisidir. 1746 yılında genişletilmesine kadar 6 kubbeli bir yapıya sahip olan cami, bu çalışmayla 9 kubbeli bir hale gelmiştir. Cami içindeki hatlar ve süslemeler ise yine Kastamonulu ünlü hattat Ahmet Şevki Efendi tarafından vücuda getirilmiştir. Milli Mücadele yıllarında Anadolu’yu dolaşarak Türk Kurtuluş Savaşı'na destek toplayan milli şairimiz Mehmet Akif Ersoy, Nasrullah Camii’nde de vaazlar vermiş ve aynı zamanda milli marşımız olan İstiklâl Marşı'nı TBMM’deki kabulünden önce ilk defa burada okumuştur. "
f65;bartin;ulukaya kanyonu ve selalesi;huzur ;yesil;dogal;Bartın’ın Ulus ilçesinde bulunan Ulukaya Şelalesi ve Kanyonu, Ulus Çayı’nı oluşturan bir şelaledir. 10 metre genişliğe sahip bir kaya oyuğunun içerisinden çıkan su kaynağının yaklaşık 20 metre yükseklikten dökülmesiyle oluşan Ulukaya Şelalesi, Bartın’da gezilecek yerler arasında yer almaktadır.Şelalenin döküldüğü yerde oluşan ve yaklaşık 30-40 metre genişliğe sahip olan göletteki su, Ulukaya Kanyonu boyunca akıp gitmektedir. 1 kilometre uzunluğa sahip olan Ulukaya Kanyonu’nun çevresinde yaklaşık 35 metreyi bulan bir set bulunmaktadır. Yaz aylarında azalan su miktarı, kış mevsiminde ise bir hayli artmaktadır. 
f66;bartin;inkum plaji;huzur;mavi ;dogal;Koylari bir harika, kumlari tertemiz olan İnkumu Plaji, fazla dalgasi olmayan suyuyla oldukca ilgi cekmektedir. Mavi ve turkuazin birlestigi denizi, yesillikleri gozler onune seren ormanlari, dagin en ustune ciktiginizda essiz bir manzara olusturur. 
f67;bartin;bartin kent muzesi;merak;beyaz;kulturel;"4 Bin yillik gecmise sahip Bartin’in M.o. 2.binde Kaska (Gasga)’ lardan baslayan ve gunumuze gelen Tarihini ve kirilma noktalarini anlatildigi Kent Muzesinde; Bartin’in 4bin yillik tarihini iceren kronolojik aks, endemik canlilari, cografik yapisi, ulasim ve dogal afetler gecmisi, Tarihi Zanaatcilar carsisi, Gemi yapimciligi, ticari hayati, madenciligi, Tarihi Galla Bazari, Mimarisi, Siyasi Tarihi, Egitim ve Basin-İletisim tarihi, Sanat Edebiyat ve kultur hayati, Dogum cocukluk Sunnet ve Dugun gelenekleri, Ev Yasami, mutfak kulturu ve turizminin yani sira interaktif sozlu tarih calismalari Bartin Kent Muzesi’nde yer alan ana basliklardir. "
f68;bartin;uluyayla;huzur ;yesil;dogal;Ulus İlcesine 27 km uzakliktadir. Ovacuma'da 300 metreyle baslayip Goktepe'de 1416 metreye varan yukselti, ortalama 1000 metredir. Uluyayla, 86000 hektarlik el degmemis bir orman varligidir. Yaylanin genel sahasi 18.255 hektar, yayla alanini olusturan Kalkanli Mevkii'nin alani ise 60 hektardir. Bitki ortusunu, igne ve yayvan yaprakli agac turleri ve yuzlerce alt flora olusturur. 
f69;bartin;balamba tabiat parki;huzur ;yesil;dogal;"Balamba Tabiat Parki, Bartin İlimiz Merkez İlce sinirlari icerisinde yer almaktadir. 11.07.2011 tarihinde Tabiat Parki olarak tescil edilmistir. Alani 13,10 ha olup; Bartin İli Merkez İlcede bulunmaktadir. Bartin İli kent merkezinin dogusunda ve kent merkezine 2,2 km uzaklikta bulunmaktadir. 1/5000 olcekli nazim plana gore Balamba Tabiat Parki'nin kuzeyi ve dogusu tarim arazileri, guneyi ve kuzey batisi konut alanlarina ayrilmistir. Mevcut Bartin-Karabuk sehirlerarasi yolu alanin guney batisindan gecmektedir. Aralik 2006 yilinda mesire yeri iken yapilmis 1.Revizyon Gelisme Plani mevcuttur."
f70;karabuk;seker kanyonu;huzur ;yesil;dogal;Karabuk-Yenice yolu uzerinde bulunan seker Kanyonu, bircok doga sporuna elverisli bir alandir. Kanyon yuksekligi 100 metreden baslayip 250 metreye kadar yukselmektedir. Kanyoning yapmaya elverisli bu uzun bir alanda yer yer zorlu gecisler ve daralmalar olup, bazi yerlerde yuzmek zorunlu hale gelmektedir. Yuruyus parkurlari ile essiz doga guzellikleri arasinda yuruyus ve bisiklet turu imkâni sunmaktadir. Kanyonun kayaliklari kaya tirmanisina da uygundur. Ayrica, cadirli kamp, rafting, dagcilik gibi doga sporlarina da elverislidir. 
f71;karabuk;yenice ormani;huzur ;yesil;dogal;"Yenice Ormanlari, Karabuk ili, Yenice ilcesi sinirlarinda yer alan ormandir. İsmini de ilceden almaktadir. Biyolojik cesitlilik ve barindirdigi yaban hayat ile Dunya'nin sayili ormanlari arasinda ye alan Yenice Ormanlari, 1999 yilinda Dunya Dogayi Koruma Vakfi (WWF) tarafindan Acil Olarak Korunmasi Gereken 100 Sicak Noktadan birisi olarak belirlendi.[1] Turkiye'nin en buyuk blok ormanidir.[2] İcinde hicbir yerlesim yeri olmayip kesintisiz orman alanina sahip bolgeye orman denizi denilmektedir. Yenice ormanlarinda anit agaclarin bulundugu arboretum ""Acik Hava Orman Muzesi"" alani da bulunmaktadir. "
f72;karabuk;tarihi demirciler carsisi;merak;beyaz;kulturel;Eski Safranbolu merkezinde, Akcasu Deresinin yaninda kurulmus tarihi carsi. Koprulu Mehmet Pasa Camisinin arka merdivenlerinden de iniliyor. Hediyelik bakir esyalar, cezve, bugurdanlik, kapi tokmagi,ve tepsiler .cogunlukta. 
f73;karabuk;egriova goleti;huzur ;mavi ;dogal;Egriova Goleti, Bati Karadeniz’in en yuksek tepesi olan (1999 metre) Keltepe mevkiinde yer alan suni bir golet. Uzunlugu hemen hemen 1 km olarak goletin derinligi ise tam 7 metre. Yenice Ormanlari’nda yuruyus yaparken karsiniza cikabilecek nadide guzelliklerden biri Egriova Goleti. Doga yuruyuslerinin en can alici noktalarindan biri olan bu golet, dogaseverlere adeta gorsel bir solen yasatiyor diyebiliriz. Gectigimiz aylarda icerisine birakilan 20.000 alabalik ile balik avi icin de tercih edilen Egriova Goleti’nde bir de kamp alani bulunuyor. Dogayla kucaklasmak deyiminin gercege donustugu bir yer olan Egriova Goleti, fotograf tutkunlarinin da yegane adreslerinden biri. 
f74;karabuk;kasim sipahioglu konagi;merak;beyaz;kulturel;Safranbolu’nun Yoruk Koyu’nde bulunan Sipahioglu Konagi, 300 yillik bir gecmise sahiptir. Konakta 8 nesildir ayni aile yasiyor. Fakat ikinci ve ucuncu katlari muzeye cevrilmis. Safranbolu mimarisine sahip olan evin en ust katinda konagin agasi otururmus. İkinci kattaki misafir odasinin bir kismi ahsap duvarli gibi gorunuyor. Ahsabi cektiginizde misafir banyosu ortaya cikiyor. Konagin her bir penceresi birbirini gormeyecek sekilde insa edilmis. Agac oymaciliginin en guzel orneklerini de konakta gorebilirsiniz. tas duvarlara sahip olan konagin ici, bu ozelligiyle yaz mevsiminde serin oluyor. Haremlik ve selamlik bolumleriyle ikiye ayrilmis olan Sipahioglu Konagi’ni gezmeyi ihmal etmemelisiniz. 
f75;zonguldak;gokgol magarasi;merak;siyah;dogal;Gokgol Magarasi, Zonguldak'in uzulmez bolgesinde bulunan aktif bir damlatas magarasidir. Kollariyla birlikte 3350 metre uzunlugunda olan Gokgol Magarasi, Turkiye'nin en uzun onuncu magarasi ve 875 metrelik yuruyus yolu ile de Turkiye'nin gezi alani en buyuk magarasidir. 
f76;zonguldak;maden muzesi;merak;siyah;kulturel;Zonguldak Maden Müzesi (ZMM), Zonguldak Havzası’nda ve ülkenin endüstri öncüsü Zonguldak ili kent merkezinde yer almaktadır. Müze binası 7000 m2’lik alan üzerine inşa edilerek 09.12.2016 tarihinde Türkiye’nin ilk Maden Müzesi olarak hizmete açılmıştır. Maden Müzesi, 1000 m2’lik kapalı müze sergi alanları, bahçe teşhir alanı ve 700 metre uzunluğunda galeri ile TTK eğitim tesislerinden oluşmaktadır. Zonguldak Maden Müzesi, Çağdaş müzecilik anlayışı ile düzenlenen müze konsepti ile Zonguldak’ta taşkömürünün tarihine ışık tutmaktadır. 
f77;zonguldak;eregli muzesi;merak;beyaz;kulturel;Karadeniz Eregli Muzesi, Halil Pasa Konagi olarak bilinen zemin + 3 katli, orta sofali plan tipinde ve kagir olan bir yapi icinde hizmet vermektedir. Halil Pasa Konagi 19'uncu yuzyil sonlarinda (tahminen 1870’li yillar) Padisah 2. Abdulhamit doneminde sancak beyi (mirimiran) olan Halil Pasa Karamahmutoglu tarafindan yaptirilmistir. Bozhane Yali caddesi uzerinde, eski bir kilisenin temeli uzerine insa edilen konakta, Roma Donemi'ne ait binalardan toplanan antik spoli malzemeler sapolyen (devsirme) olarak ozellikle cephe suslemesinde kullanilmistir. Bir donem ortaokul ve kiz meslek lisesi olarak kullanilan, uzunca bir sure ise sahipsiz kalan ve buyuk olcude tahribata ugrayan bina restore edilmek uzere 1989 yilinda Kultur ve Turizm Bakanligi'na tahsis edilmistir. Yaklasik 10 yillik bir restorasyon calismasindan sonra muze 01.08.1998 tarihinde hizmete acilmistir. 
f78;zonguldak;cehennem agzi magarasi;merak;siyah;dogal;Eregli Muzesi’ne bagli oren yeri olarak faaliyet gosteren Cehennemagzi Magaralari yan yana siralanmis uc magaradan olusmaktadir. Birinci magara, iki bolum halinde duzenlenmistir. Birinci bolumde, zemin orijinal bitki ve geometrik motifli mozaik ile doselidir. İkinci bolumun dogu duvarinda kucuk bir apsis acilmistir ve onunde kademeli basamaklar bulunmaktadir. cok eski bir Hiristiyan kilisesi olan bu magara, Hiristiyanligin yayildigi ilk yillarda gizli ibadet yeri olarak kullanilmistir. 
f79;zonguldak;filyos plaji;huzur ;mavi ;dogal;İkinci magara, yol kenarindaki 10-12 metre yukseklikteki yamac uzerinde bulunmakta ve yore halkinca Koca Yusuf Magarasi olarak adlandirilmaktadir. Yamac uzerinde yer alan dar bir giristen gecilerek 3 basamakli dikey bir merdiven yardimiyla inilen magara, 1,5 kilometre dagin icine dogru devam etmektedir. 1960’larda tavandan dusen bir kaya yolu kapattigindan, ancak 350 metre kadar derinlige gidilebilmektedir. İnsan elinden ciktigi tasci kalem izlerinden anlasilan magara, yaklasik 400 metrekarelik bir alani kaplamakta ve iki fil ayagi ile desteklenmektedir. 
f80;duzce;guzeldere selalesi tabiat parki;huzur ;yesil;dogal;Guzeldere selalesi Tabiat Parki Golyaka ilcesi sinirlari icerisinde, 22.76 ha alani kapsamaktadir. Duzce’ye 18, Golyaka’ya 11 km mesafedeki Golyaka-Guzeldere koyundedir ve rakimi 630 m’dir. Mesire yeri olarak 28.12.1993 yilinda, Tabiat Parki olarak 11.07.2011 yilinda tescil edilmistir. Guzeldere koyunden gecen Bicki Deresi uzerinde bulunan selale 120 m yukseklikten dokulen suyun dogal coskusunu dev kayin ve gurgen agaclariyla butunlestirerek muazzam bir goruntu arz etmektedir. Kisin beyaz yorganini orten, ilkbaharda ise ormangulleriyle canlanan Guzeldere’nin en gorkemli zamani ilkbahar ve guz mevsimi. İlkbaharin ve sonbaharin renk cumbusune donusen tonlari bir tabloya benzetiyor bu nadide tabiat kosesini. Guzeldere selalesi, dogal peyzaj bitki ortusu, piknik alanlari, duzenlenmis orman ici dinlenme yerleri ve yuruyus parkurlari ile bolgenin onemli dogal degerlerindendir. 
f81;duzce;samandere selalesi tabiat aniti;huzur ;yesil;dogal;Samandere selalesi, Duzce’nin guneydogusunda, Beykoy beldesi Samandere koyu sinirlari icinde yer almaktadir. Beykoy beldesine 15 km, Duzce’ye 24 km, TEM Otoyolu’na 20 km, D-100 Karayolu’na 26 km mesafededir. selalenin kapladigi alan 10 ha olup, bu alandaki akarsular Ugursuyu ile birleserek Efteni Golu’ne ulasmakta, buradan da Buyuk Melen suyu ile birleserek Akcakoca sinirlari icerisinden Karadeniz’e dokulmektedir. Samandere selalesi, Duzce’nin guneydogusunda, Beykoy beldesi Samandere koyu sinirlari icinde yer almaktadir. Beykoy beldesine 15 km, Duzce’ye 24 km, TEM Otoyolu’na 20 km, D-100 Karayolu’na 26 km mesafededir. selalenin kapladigi alan 10 ha olup, bu alandaki akarsular Ugursuyu ile birleserek Efteni Golu’ne ulasmakta, buradan da Buyuk Melen suyu ile birleserek Akcakoca sinirlari icerisinden Karadeniz’e dokulmektedir. 
f82;duzce;aydinpinar selaleleri tabiat parki;huzur ;yesil;dogal;Duzce merkez Aydinpinar koyu sinirlari icerisinde bulunan Aydinpinar selalesi Tabiat Parki, sehir merkezine 10 kilometre mesafededir. Guzeldere ve Samandere selaleleri arasinda ve yol guzergahi uzerinde bulunan selale, arka arkaya dokulen 5 ayri selale kumesinden olusmaktadir. Aydinpinar selalesi Tabiat Parki, Duzce’nin onemli yuruyus parkurlarindan birine sahiptir. Saglikli her insanin yuruyebilecegi orta zorluk ve orta zorlugu asan parkurlari vardir. Gurgen, mese, kestane gibi karisik yaprakli orman agaclari arasinda trekking, foto-safari, cadir kampi vb. aktiviteler yapilabilir. ozellikle mayis ayinda dag cilegi, Agustos ve Eylul aylarinda bogurtlenlerle renklenen vadi, Duzce’ye hakim bir konumdadir.  
f83;duzce;aktas selalesi;huzur ;beyaz;dogal;Aktas selalesi, Akcakoca ilcemiz Aktas koyunde bulunmaktadir. selale, dogasi ve cevresindeki zengin bitki ortusuyle dikkat ceker. Bolgeye gelen turistlerin onemli kesif noktalarindan biri olan Aktas selalesi, 50 m yuksekten dusen suyun sesi ve etrafini saran yesillikler arasinda trekking, foto-safari vb. doga aktiviteleri yapmaya uygundur.Aktas selalesi ayni zamanda Akcakoca’nin onemli yuruyus parkurlarindan birine sahiptir. Akcakoca cevre yolu Goktepe koyu ayrimindan yuruyuse gecilen parkur 10 km’dir. cogunlukla dere kenarini takip eden orta zorlukta bir parkurdur. Aktas Vadisiyle devam ederek selaleye ulasilmasiyla son bulur. 
f84;duzce;konuralp muzesi;merak;beyaz;kulturel;Prusias ad Hypium (Konuralp) Antik Kenti’nin zengin kulturel mirasini yasatmak uzere kurulan Duzce Konuralp Muzesi, 2003 yilinda ziyarete acilmistir. uc teshir salonu, bir laboratuvar, iki depo, bir konferans salonu ve idari bolumlerden olusur. Muzede bin 848 arkeolojik, 491 etnografik ve 3 bin 898 sikke olmak uzere toplam 6 bin 237 eser bulunmaktadir.Muzenin arkeoloji salonunda, Tunc cagi’ndan (Mo.3000-2000) Dogu Roma’ya (MS.395-1453) kadar cesitli donemlere ait eserler, pismis toprak ve mermer heykelcikler, metal eserler, takilar, cam kaplar ve mezar hediyeleri olan bolumler kronolojik olarak sergilenmektedir. 
f85;bolu;abant golu;huzur ;yesil;dogal;Bolu'nun 34 kilometre guneybatisinda Abant Daglari uzerinde olusmus bir krater ve birikinti goludur. Park alaninda yukseklikleri 1400 metreden 1700 metreye kadar bircok tepe bulunmaktadir. Abant Golu yilin her ayinda buyuleyici bir guzellige sahiptir. Abant, hem gunubirlik gezip gormek hem de konaklamak amaciyla tercih edilen cok populer bir tatil merkezidir. Alani 127 hektar olan golun denizden yuksekligi 1328 metredir. Yeralti sulari ile beslenir. Derinligi 18 metredir. Abant Golu ve cevresinin bitki zenginligi, buyuk bir acik hava rekreasyon potansiyeline sahip olmasi nedeniyle alanin 1196,5 hektarlik bolumu 1988 yilinda “Tabiat Parki” olarak koruma altina alinmistir. Abant Golu cevresi flora ve fauna bakimindan cok zengindir. Saricam, karacam, kayin, mese, kavak, disbudak, gurgen, sogut, ardic agaclari ve ormangulu, ilgin, findik, musmula, papazkulahi, alic, cobanpuskulu, kusburnu, egrelti, bogurtlen, cilek, nane, ahududu, sarmasik, isirgan, atkuyrugu ve cayir otlari baslica agac ve agacciklari olusturur. Abant Golu'nun kenarlari cesitli su bitkileriyle ve niluferlerle doludur. Abant Golu'nun etrafinda yukselen yamaclarda ise Abant cigdemi (Crocus Abantensis) bulunmaktadir. 
f86;bolu;golcuk tabiat parki;huzur ;yesil;dogal;"Bolu sehir merkezinin 13 kilometre guneyinde suni olarak yapilmis bir set goludur. Yukseltisi 1217 metre olan golun yuzeyi 4.5 hektar, cevresi de yaklasik 1300 metredir. Etrafi cam, goknar, kayin, gurgen ve karisik turde agac turleri ile kapli golun her mevsim goruntusu muhtesemdir. Doganin olagan ustu guzelligiyle kapli olan golun hemen kenarinda Tarim ve Orman Bakanligi'nin ""Devlet Konukevi"" olan sirin bir yapi bulunmaktadir. Golun etrafinda bu tesisten baska kir gazinosu adiyla bir restaurant, kir lokantasi, kafeterya, bufe, mescit ve bungalov tipi konaklama tesisleri bulunmaktadir. Gol ve etrafi “Tabiat Parki” olarak Tarim ve Orman Bakanligi tarafindan koruma altina alinmistir. cok sirin ve kucuk olan bu gol cevresine aracla girilmemektedir. Yil boyunca gezmek, gormek, dinlenmek, fotograf cekmek, yilin belirli zamanlarinda sportif olta balikciligi, bisiklet turu ve piknik yapmak amaciyla yogun ziyaretci akinina ugrayan Golcuk Tabiat Parki, Bolu'nun en onemli turistik merkezlerinden biridir.  "
f87;bolu;yedigoller milli parki;huzur ;yesil;dogal;Bati Karadeniz Bolgesi’nde Bolu’nun 42 km. kuzeyinde Zonguldak’in guneyinde yer alan Milli Parka Ankara–İstanbul karayolunun 152. km’sindeki Yenicaga ve 190. km’sindeki Bolu’dan kuzeye ayrilan yollarla ulasilir.Kisin Bolu–Yedigoller guzergâhi (karla) kapali oldugundan ulasim, Yenicaga–Mengen–Yazicik veya Devrek- Yazicik uzerinden yapilir.1642 hektar buyuklugundeki Yedigoller Havzasi, 1965 yilinda milli park olarak korumaya alinmistir. Havza kayan kutlelerin vadilerin onlerini kapatmasi sonucu olusan,yuzeysel ve yeralti akislariyla birbirine bagli, kuzeyden guneye 1500 m. mesafede siralanmis 7 golden olusmustur. Milli park icindeki “Koyyeri” mevkiinde yeni Bizans donemine ait bulunan kalintilardan,eski donemlerde bolgenin bir yerlesim yeri oldugu anlasilmaktadir. 
f88;bolu;karagol tabiat parki;huzur ;yesil;dogal;"Bolu il merkezinin 62 kilometre guneyinde yer alan Kibriscik İlcesi'nin 18 kilometre guneyinde Beypazari yolu uzerinde bulunan Karagol, 1 hektar genisliginde oldukca derin bir goldur. cevresi tamamen ormanlik olan gol kenarinda, konaklama yapilabilecek bungalov evler vardir. Karagol Tabiat Parki sahip oldugu orman ve gol peyzajlari ile ziyaretciler icin essiz manzara guzellikleri ve rekreasyonel olanaklar sunmaktadir. Tabiat Parki; doga yuruyusu, bisiklete binme, olta balikciligi, piknik, spor vb. aktiviteler icin son derece uygun alanlar icermektedir. Karagol Tabiat Parki sahip oldugu orman ve gol peyzajlari ile ziyaretciler icin essiz manzara guzellikleri ve rekreasyonel olanaklar sunmaktadir. Tabiat Parki; doga yuruyusu, bisiklete binme, olta balikciligi, piknik, spor vb. aktiviteler icin son derece uygun alanlar icermektedir. Tabiat Parki gectigimiz yillarda A Tipi Mesire Yeri olarak hizmet vermekte idi ve hizmet verdigi donemlerde gerek yore halki gerekse Bolu ve Ankara gibi sehirlerden gelen ziyaretcilerin yogun olarak tercih ettigi bir dinlenme noktasiydi. su an atil durumda olmasina ragmen, halen Tabiat Parki'na gerek il merkezlerine olan yakinligi ve ulasim kolayligi gerekse sahip oldugu dogal kaynak degerlerinden dolayi ozellikle hafta sonlari cok sayida ziyaretci cekmeye adaydir. "
f89;bolu;ayikayasi tabiat parki;huzur ;beyaz;dogal;"Bolu İli, Merkez İlcesi sinirlari icerisinde bulunan Ayikayasi Tabiat Parki 248,38 ha buyuklugundeki alan tasidigi tabii kaynak degerleri ve rekreasyon potansiyeline istinaden 29.08.2014 ""Ayikayasi Tabiat Parki"" olarak ilan edilmistir. Tabiat Parki, gerek sahip oldugu dogal ve rekreasyonel kaynak degerleri gerekse dogusunda yer alan Yedigoller Milli Parki ile birlikte butunluk arz etmesi nedeniyle rekreasyonel kullanimlar icin son derece uygun bir alan haline gelmektedir. Tabiat Parki; dogal kayin ormani, dogal saricam ormani, saricam plantasyonu, karisik saricam-goknar-kayin ormani, karisik goknar-kayin ormani, karisik kayin-goknar-cam ormani ve orman acikliklarindan olusmaktadir. Tabiat Parki; doga yuruyusu, bisiklete binme, trekking, foto safari, vb. aktiviteler icin son derece uygun alanlar icermektedir. Tabiat Parkinda giris kontrol noktasi, lavabolar, piknik uniteleri, bufe ve mescit bulunmaktadir. "
;;;;;; 
